{"epoch": 6, "train_loss_epoch": 0.5536416172981262, "train_auc_epoch": 0.7380175376371014, "train_acc_epoch": 0.7407760580943299, "valid_auc_epoch": 0.7229556632657616, "valid_acc_epoch": 0.6676616915422886, "_timestamp": 1705478102.038357, "_runtime": 673.6762959957123, "_step": 6, "_wandb": {"runtime": 672}}