{"epoch": 19, "train_loss_epoch": 0.5867891907691956, "train_auc_epoch": 0.7539116807532453, "train_acc_epoch": 0.6915529010238908, "valid_auc_epoch": 0.7318124969625921, "valid_acc_epoch": 0.6711442786069651, "_timestamp": 1705474734.9892657, "_runtime": 133.93489170074463, "_step": 19, "_wandb": {"runtime": 132}}