{"epoch": 9, "train_loss_epoch": 0.6916612982749939, "train_auc_epoch": 0.5292274550166969, "train_acc_epoch": 0.5179180887372014, "valid_auc_epoch": 0.5311566152018178, "valid_acc_epoch": 0.5203980099502488, "_timestamp": 1705434861.7923787, "_runtime": 93.05308365821838, "_step": 9, "_wandb": {"runtime": 92}}