{"epoch": 19, "train_loss_epoch": 0.5890184640884399, "train_auc_epoch": 0.7491191140178702, "train_acc_epoch": 0.6877133105802048, "valid_auc_epoch": 0.7289303067360534, "valid_acc_epoch": 0.6776119402985075, "_timestamp": 1705429345.5465713, "_runtime": 154.7357313632965, "_step": 19, "_wandb": {"runtime": 153}}