{"epoch": 19, "train_loss_epoch": 0.5903913378715515, "train_auc_epoch": 0.7488092427161099, "train_acc_epoch": 0.6917662116040956, "valid_auc_epoch": 0.7267037007282836, "valid_acc_epoch": 0.6716417910447762, "_timestamp": 1705308398.4931684, "_runtime": 111.89264726638794, "_step": 19, "_wandb": {"runtime": 111}}