{"epoch": 11, "train_loss_epoch": 0.6273735165596008, "train_auc_epoch": 0.6992649331255978, "train_acc_epoch": 0.6542235494880546, "valid_auc_epoch": 0.6824443274112557, "valid_acc_epoch": 0.6358208955223881, "_timestamp": 1705383575.0838826, "_runtime": 201.59548950195312, "_step": 11, "_wandb": {"runtime": 200}}