{"epoch": 19, "train_loss_epoch": 0.5914204716682434, "train_auc_epoch": 0.7494409279911605, "train_acc_epoch": 0.6862201365187713, "valid_auc_epoch": 0.7283947311261666, "valid_acc_epoch": 0.6646766169154229, "_timestamp": 1705426619.046834, "_runtime": 113.36218500137329, "_step": 19, "_wandb": {"runtime": 112}}